original,converted
1/8/2001 0:02:07,07/16/2025 09:20:35
1/8/2001 0:02:41,07/16/2025 09:21:09
1/8/2001 1:13:23,07/16/2025 10:31:51
1/8/2001 1:13:25,07/16/2025 10:31:53
1/8/2001 1:13:30,07/16/2025 10:31:58
1/8/2001 1:15:48,07/16/2025 10:34:16
1/8/2001 1:17:04,07/16/2025 10:35:32
1/8/2001 1:17:07,07/16/2025 10:35:35
1/8/2001 1:17:12,07/16/2025 10:35:40
1/8/2001 1:17:48,07/16/2025 10:36:16
1/8/2001 1:17:50,07/16/2025 10:36:18
1/8/2001 1:19:06,07/16/2025 10:37:34
1/8/2001 1:21:27,07/16/2025 10:39:55
1/8/2001 1:22:02,07/16/2025 10:40:30
1/8/2001 1:22:02,07/16/2025 10:40:30
1/8/2001 1:22:02,07/16/2025 10:40:30
1/8/2001 1:22:06,07/16/2025 10:40:34
1/8/2001 1:22:10,07/16/2025 10:40:38
1/8/2001 1:26:01,07/16/2025 10:44:29
